prob,Cloudy,Rain,Sprinkler
0.05,c0,r1,s1
0.05,c0,r1,s0
0.2,c0,r0,s1
0.2,c0,r0,s0
0.04000000000000001,c1,r1,s1
0.36000000000000004,c1,r1,s0
0.010000000000000002,c1,r0,s1
0.09000000000000001,c1,r0,s0
