prob,Cloudy,Rain,Sprinkler,WetGrass
0.0495,c0,r1,s1,w1
0.0005,c0,r1,s1,w0
0.045000000000000005,c0,r1,s0,w1
0.005000000000000001,c0,r1,s0,w0
0.18000000000000002,c0,r0,s1,w1
0.020000000000000004,c0,r0,s1,w0
0.0,c0,r0,s0,w1
0.2,c0,r0,s0,w0
0.03960000000000001,c1,r1,s1,w1
0.0004000000000000001,c1,r1,s1,w0
0.32400000000000007,c1,r1,s0,w1
0.036000000000000004,c1,r1,s0,w0
0.009000000000000003,c1,r0,s1,w1
0.0010000000000000002,c1,r0,s1,w0
0.0,c1,r0,s0,w1
0.09000000000000001,c1,r0,s0,w0
